"participant","trial_n","rating","IAT_condition","block_order","task_order","gender","age","modern_racism_scale_total","IAT_exclude_based_on_fast_trials","SCIAT_exclude_based_on_fast_trials"
292,1,2,"Race IAT","incongruent","SCIAT first","female",27,16,FALSE,FALSE
292,2,4,"Race IAT","incongruent","SCIAT first","female",27,16,FALSE,FALSE
292,3,4,"Race IAT","incongruent","SCIAT first","female",27,16,FALSE,FALSE
292,4,3,"Race IAT","incongruent","SCIAT first","female",27,16,FALSE,FALSE
292,5,4,"Race IAT","incongruent","SCIAT first","female",27,16,FALSE,FALSE
292,6,4,"Race IAT","incongruent","SCIAT first","female",27,16,FALSE,FALSE
293,1,6,"Flowers-Insects IAT","congruent","ratings first","male",31,15,TRUE,TRUE
293,2,6,"Flowers-Insects IAT","congruent","ratings first","male",31,15,TRUE,TRUE
293,3,5,"Flowers-Insects IAT","congruent","ratings first","male",31,15,TRUE,TRUE
293,4,5,"Flowers-Insects IAT","congruent","ratings first","male",31,15,TRUE,TRUE
293,5,6,"Flowers-Insects IAT","congruent","ratings first","male",31,15,TRUE,TRUE
293,6,7,"Flowers-Insects IAT","congruent","ratings first","male",31,15,TRUE,TRUE
291,1,6,"Race IAT","congruent","SCIAT first","male",33,15,FALSE,FALSE
291,2,6,"Race IAT","congruent","SCIAT first","male",33,15,FALSE,FALSE
291,3,6,"Race IAT","congruent","SCIAT first","male",33,15,FALSE,FALSE
291,4,6,"Race IAT","congruent","SCIAT first","male",33,15,FALSE,FALSE
291,5,6,"Race IAT","congruent","SCIAT first","male",33,15,FALSE,FALSE
291,6,6,"Race IAT","congruent","SCIAT first","male",33,15,FALSE,FALSE
288,1,4,"Flowers-Insects IAT","incongruent","SCIAT first","male",18,23,FALSE,FALSE
288,2,5,"Flowers-Insects IAT","incongruent","SCIAT first","male",18,23,FALSE,FALSE
288,3,6,"Flowers-Insects IAT","incongruent","SCIAT first","male",18,23,FALSE,FALSE
288,4,4,"Flowers-Insects IAT","incongruent","SCIAT first","male",18,23,FALSE,FALSE
288,5,3,"Flowers-Insects IAT","incongruent","SCIAT first","male",18,23,FALSE,FALSE
288,6,3,"Flowers-Insects IAT","incongruent","SCIAT first","male",18,23,FALSE,FALSE
287,1,5,"Flowers-Insects IAT","congruent","SCIAT first","male",40,20,FALSE,FALSE
287,2,6,"Flowers-Insects IAT","congruent","SCIAT first","male",40,20,FALSE,FALSE
287,3,5,"Flowers-Insects IAT","congruent","SCIAT first","male",40,20,FALSE,FALSE
287,4,6,"Flowers-Insects IAT","congruent","SCIAT first","male",40,20,FALSE,FALSE
287,5,3,"Flowers-Insects IAT","congruent","SCIAT first","male",40,20,FALSE,FALSE
287,6,6,"Flowers-Insects IAT","congruent","SCIAT first","male",40,20,FALSE,FALSE
290,1,1,"Race IAT","incongruent","ratings first","female",43,31,FALSE,FALSE
290,2,1,"Race IAT","incongruent","ratings first","female",43,31,FALSE,FALSE
290,3,1,"Race IAT","incongruent","ratings first","female",43,31,FALSE,FALSE
290,4,1,"Race IAT","incongruent","ratings first","female",43,31,FALSE,FALSE
290,5,1,"Race IAT","incongruent","ratings first","female",43,31,FALSE,FALSE
290,6,1,"Race IAT","incongruent","ratings first","female",43,31,FALSE,FALSE
283,1,3,"Race IAT","congruent","SCIAT first","male",42,23,FALSE,FALSE
283,2,3,"Race IAT","congruent","SCIAT first","male",42,23,FALSE,FALSE
283,3,3,"Race IAT","congruent","SCIAT first","male",42,23,FALSE,FALSE
283,4,3,"Race IAT","congruent","SCIAT first","male",42,23,FALSE,FALSE
283,5,3,"Race IAT","congruent","SCIAT first","male",42,23,FALSE,FALSE
283,6,3,"Race IAT","congruent","SCIAT first","male",42,23,FALSE,FALSE
282,1,4,"Race IAT","incongruent","ratings first","male",22,16,FALSE,FALSE
282,2,4,"Race IAT","incongruent","ratings first","male",22,16,FALSE,FALSE
282,3,4,"Race IAT","incongruent","ratings first","male",22,16,FALSE,FALSE
282,4,4,"Race IAT","incongruent","ratings first","male",22,16,FALSE,FALSE
282,5,4,"Race IAT","incongruent","ratings first","male",22,16,FALSE,FALSE
282,6,4,"Race IAT","incongruent","ratings first","male",22,16,FALSE,FALSE
284,1,4,"Race IAT","incongruent","SCIAT first","male",21,20,FALSE,FALSE
284,2,3,"Race IAT","incongruent","SCIAT first","male",21,20,FALSE,FALSE
284,3,5,"Race IAT","incongruent","SCIAT first","male",21,20,FALSE,FALSE
284,4,4,"Race IAT","incongruent","SCIAT first","male",21,20,FALSE,FALSE
284,5,4,"Race IAT","incongruent","SCIAT first","male",21,20,FALSE,FALSE
284,6,4,"Race IAT","incongruent","SCIAT first","male",21,20,FALSE,FALSE
279,1,6,"Flowers-Insects IAT","congruent","SCIAT first","female",28,19,FALSE,FALSE
279,2,4,"Flowers-Insects IAT","congruent","SCIAT first","female",28,19,FALSE,FALSE
279,3,4,"Flowers-Insects IAT","congruent","SCIAT first","female",28,19,FALSE,FALSE
279,4,4,"Flowers-Insects IAT","congruent","SCIAT first","female",28,19,FALSE,FALSE
279,5,5,"Flowers-Insects IAT","congruent","SCIAT first","female",28,19,FALSE,FALSE
279,6,3,"Flowers-Insects IAT","congruent","SCIAT first","female",28,19,FALSE,FALSE
286,1,4,"Flowers-Insects IAT","incongruent","ratings first","male",18,23,FALSE,FALSE
286,2,3,"Flowers-Insects IAT","incongruent","ratings first","male",18,23,FALSE,FALSE
286,3,4,"Flowers-Insects IAT","incongruent","ratings first","male",18,23,FALSE,FALSE
286,4,4,"Flowers-Insects IAT","incongruent","ratings first","male",18,23,FALSE,FALSE
286,5,4,"Flowers-Insects IAT","incongruent","ratings first","male",18,23,FALSE,FALSE
286,6,4,"Flowers-Insects IAT","incongruent","ratings first","male",18,23,FALSE,FALSE
272,1,4,"Flowers-Insects IAT","incongruent","SCIAT first","male",37,16,FALSE,FALSE
272,2,4,"Flowers-Insects IAT","incongruent","SCIAT first","male",37,16,FALSE,FALSE
272,3,4,"Flowers-Insects IAT","incongruent","SCIAT first","male",37,16,FALSE,FALSE
272,4,4,"Flowers-Insects IAT","incongruent","SCIAT first","male",37,16,FALSE,FALSE
272,5,4,"Flowers-Insects IAT","incongruent","SCIAT first","male",37,16,FALSE,FALSE
272,6,4,"Flowers-Insects IAT","incongruent","SCIAT first","male",37,16,FALSE,FALSE
281,1,4,"Race IAT","congruent","ratings first","male",41,16,FALSE,FALSE
281,2,4,"Race IAT","congruent","ratings first","male",41,16,FALSE,FALSE
281,3,4,"Race IAT","congruent","ratings first","male",41,16,FALSE,FALSE
281,4,4,"Race IAT","congruent","ratings first","male",41,16,FALSE,FALSE
281,5,4,"Race IAT","congruent","ratings first","male",41,16,FALSE,FALSE
281,6,4,"Race IAT","congruent","ratings first","male",41,16,FALSE,FALSE
278,1,4,"Flowers-Insects IAT","incongruent","ratings first","male",28,13,FALSE,FALSE
278,2,4,"Flowers-Insects IAT","incongruent","ratings first","male",28,13,FALSE,FALSE
278,3,4,"Flowers-Insects IAT","incongruent","ratings first","male",28,13,FALSE,FALSE
278,4,4,"Flowers-Insects IAT","incongruent","ratings first","male",28,13,FALSE,FALSE
278,5,4,"Flowers-Insects IAT","incongruent","ratings first","male",28,13,FALSE,FALSE
278,6,4,"Flowers-Insects IAT","incongruent","ratings first","male",28,13,FALSE,FALSE
276,1,5,"Race IAT","incongruent","SCIAT first","male",35,20,FALSE,FALSE
276,2,5,"Race IAT","incongruent","SCIAT first","male",35,20,FALSE,FALSE
276,3,6,"Race IAT","incongruent","SCIAT first","male",35,20,FALSE,FALSE
276,4,4,"Race IAT","incongruent","SCIAT first","male",35,20,FALSE,FALSE
276,5,5,"Race IAT","incongruent","SCIAT first","male",35,20,FALSE,FALSE
276,6,5,"Race IAT","incongruent","SCIAT first","male",35,20,FALSE,FALSE
275,1,4,"Race IAT","congruent","SCIAT first","male",18,20,FALSE,FALSE
275,2,4,"Race IAT","congruent","SCIAT first","male",18,20,FALSE,FALSE
275,3,3,"Race IAT","congruent","SCIAT first","male",18,20,FALSE,FALSE
275,4,4,"Race IAT","congruent","SCIAT first","male",18,20,FALSE,FALSE
275,5,4,"Race IAT","congruent","SCIAT first","male",18,20,FALSE,FALSE
275,6,4,"Race IAT","congruent","SCIAT first","male",18,20,FALSE,FALSE
280,1,2,"Flowers-Insects IAT","incongruent","SCIAT first","male",46,19,FALSE,TRUE
280,2,2,"Flowers-Insects IAT","incongruent","SCIAT first","male",46,19,FALSE,TRUE
280,3,2,"Flowers-Insects IAT","incongruent","SCIAT first","male",46,19,FALSE,TRUE
280,4,2,"Flowers-Insects IAT","incongruent","SCIAT first","male",46,19,FALSE,TRUE
280,5,3,"Flowers-Insects IAT","incongruent","SCIAT first","male",46,19,FALSE,TRUE
280,6,4,"Flowers-Insects IAT","incongruent","SCIAT first","male",46,19,FALSE,TRUE
271,1,4,"Flowers-Insects IAT","congruent","SCIAT first","24",24,16,FALSE,FALSE
271,2,5,"Flowers-Insects IAT","congruent","SCIAT first","24",24,16,FALSE,FALSE
271,3,4,"Flowers-Insects IAT","congruent","SCIAT first","24",24,16,FALSE,FALSE
271,4,5,"Flowers-Insects IAT","congruent","SCIAT first","24",24,16,FALSE,FALSE
271,5,6,"Flowers-Insects IAT","congruent","SCIAT first","24",24,16,FALSE,FALSE
271,6,6,"Flowers-Insects IAT","congruent","SCIAT first","24",24,16,FALSE,FALSE
270,1,4,"Flowers-Insects IAT","incongruent","ratings first","female",18,19,FALSE,FALSE
270,2,4,"Flowers-Insects IAT","incongruent","ratings first","female",18,19,FALSE,FALSE
270,3,4,"Flowers-Insects IAT","incongruent","ratings first","female",18,19,FALSE,FALSE
270,4,4,"Flowers-Insects IAT","incongruent","ratings first","female",18,19,FALSE,FALSE
270,5,4,"Flowers-Insects IAT","incongruent","ratings first","female",18,19,FALSE,FALSE
270,6,4,"Flowers-Insects IAT","incongruent","ratings first","female",18,19,FALSE,FALSE
268,1,4,"Race IAT","incongruent","SCIAT first","male",56,23,FALSE,FALSE
268,2,4,"Race IAT","incongruent","SCIAT first","male",56,23,FALSE,FALSE
268,3,4,"Race IAT","incongruent","SCIAT first","male",56,23,FALSE,FALSE
268,4,5,"Race IAT","incongruent","SCIAT first","male",56,23,FALSE,FALSE
268,5,4,"Race IAT","incongruent","SCIAT first","male",56,23,FALSE,FALSE
268,6,4,"Race IAT","incongruent","SCIAT first","male",56,23,FALSE,FALSE
273,1,7,"Race IAT","congruent","ratings first","female",24,15,FALSE,FALSE
273,2,5,"Race IAT","congruent","ratings first","female",24,15,FALSE,FALSE
273,3,6,"Race IAT","congruent","ratings first","female",24,15,FALSE,FALSE
273,4,3,"Race IAT","congruent","ratings first","female",24,15,FALSE,FALSE
273,5,2,"Race IAT","congruent","ratings first","female",24,15,FALSE,FALSE
273,6,3,"Race IAT","congruent","ratings first","female",24,15,FALSE,FALSE
274,1,4,"Race IAT","incongruent","ratings first","male",23,12,FALSE,FALSE
274,2,4,"Race IAT","incongruent","ratings first","male",23,12,FALSE,FALSE
274,3,4,"Race IAT","incongruent","ratings first","male",23,12,FALSE,FALSE
274,4,4,"Race IAT","incongruent","ratings first","male",23,12,FALSE,FALSE
274,5,4,"Race IAT","incongruent","ratings first","male",23,12,FALSE,FALSE
274,6,4,"Race IAT","incongruent","ratings first","male",23,12,FALSE,FALSE
269,1,2,"Flowers-Insects IAT","congruent","ratings first","male",33,30,FALSE,FALSE
269,2,2,"Flowers-Insects IAT","congruent","ratings first","male",33,30,FALSE,FALSE
269,3,2,"Flowers-Insects IAT","congruent","ratings first","male",33,30,FALSE,FALSE
269,4,2,"Flowers-Insects IAT","congruent","ratings first","male",33,30,FALSE,FALSE
269,5,2,"Flowers-Insects IAT","congruent","ratings first","male",33,30,FALSE,FALSE
269,6,2,"Flowers-Insects IAT","congruent","ratings first","male",33,30,FALSE,FALSE
266,1,5,"Race IAT","incongruent","ratings first","male",47,18,FALSE,FALSE
266,2,5,"Race IAT","incongruent","ratings first","male",47,18,FALSE,FALSE
266,3,5,"Race IAT","incongruent","ratings first","male",47,18,FALSE,FALSE
266,4,4,"Race IAT","incongruent","ratings first","male",47,18,FALSE,FALSE
266,5,4,"Race IAT","incongruent","ratings first","male",47,18,FALSE,FALSE
266,6,4,"Race IAT","incongruent","ratings first","male",47,18,FALSE,FALSE
264,1,7,"Flowers-Insects IAT","incongruent","SCIAT first","male",25,14,FALSE,FALSE
264,2,7,"Flowers-Insects IAT","incongruent","SCIAT first","male",25,14,FALSE,FALSE
264,3,7,"Flowers-Insects IAT","incongruent","SCIAT first","male",25,14,FALSE,FALSE
264,4,7,"Flowers-Insects IAT","incongruent","SCIAT first","male",25,14,FALSE,FALSE
264,5,7,"Flowers-Insects IAT","incongruent","SCIAT first","male",25,14,FALSE,FALSE
264,6,7,"Flowers-Insects IAT","incongruent","SCIAT first","male",25,14,FALSE,FALSE
259,1,4,"Race IAT","congruent","SCIAT first","female",30,27,FALSE,FALSE
259,2,4,"Race IAT","congruent","SCIAT first","female",30,27,FALSE,FALSE
259,3,6,"Race IAT","congruent","SCIAT first","female",30,27,FALSE,FALSE
259,4,5,"Race IAT","congruent","SCIAT first","female",30,27,FALSE,FALSE
259,5,3,"Race IAT","congruent","SCIAT first","female",30,27,FALSE,FALSE
259,6,5,"Race IAT","congruent","SCIAT first","female",30,27,FALSE,FALSE
260,1,6,"Race IAT","incongruent","SCIAT first","male",25,18,FALSE,FALSE
260,2,6,"Race IAT","incongruent","SCIAT first","male",25,18,FALSE,FALSE
260,3,6,"Race IAT","incongruent","SCIAT first","male",25,18,FALSE,FALSE
260,4,6,"Race IAT","incongruent","SCIAT first","male",25,18,FALSE,FALSE
260,5,6,"Race IAT","incongruent","SCIAT first","male",25,18,FALSE,FALSE
260,6,6,"Race IAT","incongruent","SCIAT first","male",25,18,FALSE,FALSE
256,1,7,"Flowers-Insects IAT","incongruent","SCIAT first","female",21,15,FALSE,FALSE
256,2,7,"Flowers-Insects IAT","incongruent","SCIAT first","female",21,15,FALSE,FALSE
256,3,7,"Flowers-Insects IAT","incongruent","SCIAT first","female",21,15,FALSE,FALSE
256,4,7,"Flowers-Insects IAT","incongruent","SCIAT first","female",21,15,FALSE,FALSE
256,5,7,"Flowers-Insects IAT","incongruent","SCIAT first","female",21,15,FALSE,FALSE
256,6,7,"Flowers-Insects IAT","incongruent","SCIAT first","female",21,15,FALSE,FALSE
251,1,1,"Race IAT","congruent","SCIAT first","male",27,31,FALSE,FALSE
251,2,1,"Race IAT","congruent","SCIAT first","male",27,31,FALSE,FALSE
251,3,1,"Race IAT","congruent","SCIAT first","male",27,31,FALSE,FALSE
251,4,1,"Race IAT","congruent","SCIAT first","male",27,31,FALSE,FALSE
251,5,2,"Race IAT","congruent","SCIAT first","male",27,31,FALSE,FALSE
251,6,1,"Race IAT","congruent","SCIAT first","male",27,31,FALSE,FALSE
252,1,4,"Race IAT","incongruent","SCIAT first","male",29,21,FALSE,TRUE
252,2,4,"Race IAT","incongruent","SCIAT first","male",29,21,FALSE,TRUE
252,3,4,"Race IAT","incongruent","SCIAT first","male",29,21,FALSE,TRUE
252,4,4,"Race IAT","incongruent","SCIAT first","male",29,21,FALSE,TRUE
252,5,4,"Race IAT","incongruent","SCIAT first","male",29,21,FALSE,TRUE
252,6,4,"Race IAT","incongruent","SCIAT first","male",29,21,FALSE,TRUE
249,1,4,"Race IAT","congruent","ratings first","female",33,12,FALSE,FALSE
249,2,4,"Race IAT","congruent","ratings first","female",33,12,FALSE,FALSE
249,3,4,"Race IAT","congruent","ratings first","female",33,12,FALSE,FALSE
249,4,4,"Race IAT","congruent","ratings first","female",33,12,FALSE,FALSE
249,5,4,"Race IAT","congruent","ratings first","female",33,12,FALSE,FALSE
249,6,4,"Race IAT","congruent","ratings first","female",33,12,FALSE,FALSE
244,1,4,"Race IAT","incongruent","SCIAT first","male",33,23,FALSE,FALSE
244,2,4,"Race IAT","incongruent","SCIAT first","male",33,23,FALSE,FALSE
244,3,4,"Race IAT","incongruent","SCIAT first","male",33,23,FALSE,FALSE
244,4,5,"Race IAT","incongruent","SCIAT first","male",33,23,FALSE,FALSE
244,5,5,"Race IAT","incongruent","SCIAT first","male",33,23,FALSE,FALSE
244,6,6,"Race IAT","incongruent","SCIAT first","male",33,23,FALSE,FALSE
250,1,5,"Race IAT","incongruent","ratings first","female",50,11,FALSE,FALSE
250,2,5,"Race IAT","incongruent","ratings first","female",50,11,FALSE,FALSE
250,3,6,"Race IAT","incongruent","ratings first","female",50,11,FALSE,FALSE
250,4,5,"Race IAT","incongruent","ratings first","female",50,11,FALSE,FALSE
250,5,5,"Race IAT","incongruent","ratings first","female",50,11,FALSE,FALSE
250,6,5,"Race IAT","incongruent","ratings first","female",50,11,FALSE,FALSE
248,1,4,"Flowers-Insects IAT","incongruent","SCIAT first","female",43,14,FALSE,FALSE
248,2,4,"Flowers-Insects IAT","incongruent","SCIAT first","female",43,14,FALSE,FALSE
248,3,4,"Flowers-Insects IAT","incongruent","SCIAT first","female",43,14,FALSE,FALSE
248,4,4,"Flowers-Insects IAT","incongruent","SCIAT first","female",43,14,FALSE,FALSE
248,5,4,"Flowers-Insects IAT","incongruent","SCIAT first","female",43,14,FALSE,FALSE
248,6,4,"Flowers-Insects IAT","incongruent","SCIAT first","female",43,14,FALSE,FALSE
247,1,3,"Flowers-Insects IAT","congruent","SCIAT first","male",26,23,FALSE,FALSE
247,2,5,"Flowers-Insects IAT","congruent","SCIAT first","male",26,23,FALSE,FALSE
247,3,4,"Flowers-Insects IAT","congruent","SCIAT first","male",26,23,FALSE,FALSE
247,4,7,"Flowers-Insects IAT","congruent","SCIAT first","male",26,23,FALSE,FALSE
247,5,7,"Flowers-Insects IAT","congruent","SCIAT first","male",26,23,FALSE,FALSE
247,6,5,"Flowers-Insects IAT","congruent","SCIAT first","male",26,23,FALSE,FALSE
243,1,3,"Race IAT","congruent","SCIAT first","male",30,24,FALSE,FALSE
243,2,2,"Race IAT","congruent","SCIAT first","male",30,24,FALSE,FALSE
243,3,3,"Race IAT","congruent","SCIAT first","male",30,24,FALSE,FALSE
243,4,3,"Race IAT","congruent","SCIAT first","male",30,24,FALSE,FALSE
243,5,2,"Race IAT","congruent","SCIAT first","male",30,24,FALSE,FALSE
243,6,4,"Race IAT","congruent","SCIAT first","male",30,24,FALSE,FALSE
245,1,4,"Flowers-Insects IAT","congruent","ratings first","female",34,16,FALSE,FALSE
245,2,4,"Flowers-Insects IAT","congruent","ratings first","female",34,16,FALSE,FALSE
245,3,4,"Flowers-Insects IAT","congruent","ratings first","female",34,16,FALSE,FALSE
245,4,4,"Flowers-Insects IAT","congruent","ratings first","female",34,16,FALSE,FALSE
245,5,4,"Flowers-Insects IAT","congruent","ratings first","female",34,16,FALSE,FALSE
245,6,4,"Flowers-Insects IAT","congruent","ratings first","female",34,16,FALSE,FALSE
238,1,5,"Flowers-Insects IAT","incongruent","ratings first","male",33,18,FALSE,FALSE
238,2,5,"Flowers-Insects IAT","incongruent","ratings first","male",33,18,FALSE,FALSE
238,3,5,"Flowers-Insects IAT","incongruent","ratings first","male",33,18,FALSE,FALSE
238,4,5,"Flowers-Insects IAT","incongruent","ratings first","male",33,18,FALSE,FALSE
238,5,5,"Flowers-Insects IAT","incongruent","ratings first","male",33,18,FALSE,FALSE
238,6,5,"Flowers-Insects IAT","incongruent","ratings first","male",33,18,FALSE,FALSE
240,1,2,"Flowers-Insects IAT","incongruent","SCIAT first","female",18,29,FALSE,FALSE
240,2,2,"Flowers-Insects IAT","incongruent","SCIAT first","female",18,29,FALSE,FALSE
240,3,2,"Flowers-Insects IAT","incongruent","SCIAT first","female",18,29,FALSE,FALSE
240,4,4,"Flowers-Insects IAT","incongruent","SCIAT first","female",18,29,FALSE,FALSE
240,5,2,"Flowers-Insects IAT","incongruent","SCIAT first","female",18,29,FALSE,FALSE
240,6,4,"Flowers-Insects IAT","incongruent","SCIAT first","female",18,29,FALSE,FALSE
242,1,4,"Race IAT","incongruent","ratings first","male",21,20,TRUE,TRUE
242,2,5,"Race IAT","incongruent","ratings first","male",21,20,TRUE,TRUE
242,3,5,"Race IAT","incongruent","ratings first","male",21,20,TRUE,TRUE
242,4,5,"Race IAT","incongruent","ratings first","male",21,20,TRUE,TRUE
242,5,5,"Race IAT","incongruent","ratings first","male",21,20,TRUE,TRUE
242,6,5,"Race IAT","incongruent","ratings first","male",21,20,TRUE,TRUE
241,1,3,"Race IAT","congruent","ratings first","male",34,14,FALSE,FALSE
241,2,3,"Race IAT","congruent","ratings first","male",34,14,FALSE,FALSE
241,3,3,"Race IAT","congruent","ratings first","male",34,14,FALSE,FALSE
241,4,3,"Race IAT","congruent","ratings first","male",34,14,FALSE,FALSE
241,5,3,"Race IAT","congruent","ratings first","male",34,14,FALSE,FALSE
241,6,3,"Race IAT","congruent","ratings first","male",34,14,FALSE,FALSE
236,1,5,"Race IAT","incongruent","SCIAT first","female",25,15,FALSE,FALSE
236,2,6,"Race IAT","incongruent","SCIAT first","female",25,15,FALSE,FALSE
236,3,6,"Race IAT","incongruent","SCIAT first","female",25,15,FALSE,FALSE
236,4,6,"Race IAT","incongruent","SCIAT first","female",25,15,FALSE,FALSE
236,5,6,"Race IAT","incongruent","SCIAT first","female",25,15,FALSE,FALSE
236,6,6,"Race IAT","incongruent","SCIAT first","female",25,15,FALSE,FALSE
228,1,4,"Race IAT","incongruent","SCIAT first","male",34,14,FALSE,FALSE
228,2,4,"Race IAT","incongruent","SCIAT first","male",34,14,FALSE,FALSE
228,3,4,"Race IAT","incongruent","SCIAT first","male",34,14,FALSE,FALSE
228,4,4,"Race IAT","incongruent","SCIAT first","male",34,14,FALSE,FALSE
228,5,4,"Race IAT","incongruent","SCIAT first","male",34,14,FALSE,FALSE
228,6,4,"Race IAT","incongruent","SCIAT first","male",34,14,FALSE,FALSE
226,1,1,"Race IAT","incongruent","ratings first","male",44,30,FALSE,FALSE
226,2,1,"Race IAT","incongruent","ratings first","male",44,30,FALSE,FALSE
226,3,1,"Race IAT","incongruent","ratings first","male",44,30,FALSE,FALSE
226,4,1,"Race IAT","incongruent","ratings first","male",44,30,FALSE,FALSE
226,5,1,"Race IAT","incongruent","ratings first","male",44,30,FALSE,FALSE
226,6,1,"Race IAT","incongruent","ratings first","male",44,30,FALSE,FALSE
230,1,4,"Flowers-Insects IAT","incongruent","ratings first","male",18,22,FALSE,FALSE
230,2,4,"Flowers-Insects IAT","incongruent","ratings first","male",18,22,FALSE,FALSE
230,3,3,"Flowers-Insects IAT","incongruent","ratings first","male",18,22,FALSE,FALSE
230,4,4,"Flowers-Insects IAT","incongruent","ratings first","male",18,22,FALSE,FALSE
230,5,4,"Flowers-Insects IAT","incongruent","ratings first","male",18,22,FALSE,FALSE
230,6,4,"Flowers-Insects IAT","incongruent","ratings first","male",18,22,FALSE,FALSE
237,1,5,"Flowers-Insects IAT","congruent","ratings first","female",46,20,FALSE,FALSE
237,2,5,"Flowers-Insects IAT","congruent","ratings first","female",46,20,FALSE,FALSE
237,3,5,"Flowers-Insects IAT","congruent","ratings first","female",46,20,FALSE,FALSE
237,4,5,"Flowers-Insects IAT","congruent","ratings first","female",46,20,FALSE,FALSE
237,5,5,"Flowers-Insects IAT","congruent","ratings first","female",46,20,FALSE,FALSE
237,6,5,"Flowers-Insects IAT","congruent","ratings first","female",46,20,FALSE,FALSE
232,1,6,"Flowers-Insects IAT","incongruent","SCIAT first","male",22,26,TRUE,TRUE
232,2,6,"Flowers-Insects IAT","incongruent","SCIAT first","male",22,26,TRUE,TRUE
232,3,6,"Flowers-Insects IAT","incongruent","SCIAT first","male",22,26,TRUE,TRUE
232,4,6,"Flowers-Insects IAT","incongruent","SCIAT first","male",22,26,TRUE,TRUE
232,5,6,"Flowers-Insects IAT","incongruent","SCIAT first","male",22,26,TRUE,TRUE
232,6,6,"Flowers-Insects IAT","incongruent","SCIAT first","male",22,26,TRUE,TRUE
217,1,3,"Race IAT","congruent","ratings first","male",44,14,FALSE,FALSE
217,2,3,"Race IAT","congruent","ratings first","male",44,14,FALSE,FALSE
217,3,4,"Race IAT","congruent","ratings first","male",44,14,FALSE,FALSE
217,4,4,"Race IAT","congruent","ratings first","male",44,14,FALSE,FALSE
217,5,4,"Race IAT","congruent","ratings first","male",44,14,FALSE,FALSE
217,6,3,"Race IAT","congruent","ratings first","male",44,14,FALSE,FALSE
225,1,5,"Race IAT","congruent","ratings first","female",26,19,FALSE,FALSE
225,2,5,"Race IAT","congruent","ratings first","female",26,19,FALSE,FALSE
225,3,3,"Race IAT","congruent","ratings first","female",26,19,FALSE,FALSE
225,4,2,"Race IAT","congruent","ratings first","female",26,19,FALSE,FALSE
225,5,2,"Race IAT","congruent","ratings first","female",26,19,FALSE,FALSE
225,6,4,"Race IAT","congruent","ratings first","female",26,19,FALSE,FALSE
222,1,4,"Flowers-Insects IAT","incongruent","ratings first","male",25,15,FALSE,FALSE
222,2,4,"Flowers-Insects IAT","incongruent","ratings first","male",25,15,FALSE,FALSE
222,3,3,"Flowers-Insects IAT","incongruent","ratings first","male",25,15,FALSE,FALSE
222,4,4,"Flowers-Insects IAT","incongruent","ratings first","male",25,15,FALSE,FALSE
222,5,4,"Flowers-Insects IAT","incongruent","ratings first","male",25,15,FALSE,FALSE
222,6,4,"Flowers-Insects IAT","incongruent","ratings first","male",25,15,FALSE,FALSE
221,1,3,"Flowers-Insects IAT","congruent","ratings first","female",20,20,FALSE,FALSE
221,2,3,"Flowers-Insects IAT","congruent","ratings first","female",20,20,FALSE,FALSE
221,3,3,"Flowers-Insects IAT","congruent","ratings first","female",20,20,FALSE,FALSE
221,4,3,"Flowers-Insects IAT","congruent","ratings first","female",20,20,FALSE,FALSE
221,5,3,"Flowers-Insects IAT","congruent","ratings first","female",20,20,FALSE,FALSE
221,6,3,"Flowers-Insects IAT","congruent","ratings first","female",20,20,FALSE,FALSE
220,1,4,"Race IAT","incongruent","SCIAT first","male",32,16,FALSE,FALSE
220,2,4,"Race IAT","incongruent","SCIAT first","male",32,16,FALSE,FALSE
220,3,4,"Race IAT","incongruent","SCIAT first","male",32,16,FALSE,FALSE
220,4,4,"Race IAT","incongruent","SCIAT first","male",32,16,FALSE,FALSE
220,5,4,"Race IAT","incongruent","SCIAT first","male",32,16,FALSE,FALSE
220,6,4,"Race IAT","incongruent","SCIAT first","male",32,16,FALSE,FALSE
216,1,4,"Flowers-Insects IAT","incongruent","SCIAT first","33",33,21,FALSE,FALSE
216,2,4,"Flowers-Insects IAT","incongruent","SCIAT first","33",33,21,FALSE,FALSE
216,3,4,"Flowers-Insects IAT","incongruent","SCIAT first","33",33,21,FALSE,FALSE
216,4,4,"Flowers-Insects IAT","incongruent","SCIAT first","33",33,21,FALSE,FALSE
216,5,4,"Flowers-Insects IAT","incongruent","SCIAT first","33",33,21,FALSE,FALSE
216,6,4,"Flowers-Insects IAT","incongruent","SCIAT first","33",33,21,FALSE,FALSE
218,1,4,"Race IAT","incongruent","ratings first","female",30,12,FALSE,FALSE
218,2,4,"Race IAT","incongruent","ratings first","female",30,12,FALSE,FALSE
218,3,4,"Race IAT","incongruent","ratings first","female",30,12,FALSE,FALSE
218,4,4,"Race IAT","incongruent","ratings first","female",30,12,FALSE,FALSE
218,5,4,"Race IAT","incongruent","ratings first","female",30,12,FALSE,FALSE
218,6,4,"Race IAT","incongruent","ratings first","female",30,12,FALSE,FALSE
212,1,4,"Race IAT","incongruent","SCIAT first","female",25,13,FALSE,FALSE
212,2,4,"Race IAT","incongruent","SCIAT first","female",25,13,FALSE,FALSE
212,3,4,"Race IAT","incongruent","SCIAT first","female",25,13,FALSE,FALSE
212,4,4,"Race IAT","incongruent","SCIAT first","female",25,13,FALSE,FALSE
212,5,4,"Race IAT","incongruent","SCIAT first","female",25,13,FALSE,FALSE
212,6,4,"Race IAT","incongruent","SCIAT first","female",25,13,FALSE,FALSE
214,1,4,"Flowers-Insects IAT","incongruent","ratings first","male",22,18,FALSE,FALSE
214,2,4,"Flowers-Insects IAT","incongruent","ratings first","male",22,18,FALSE,FALSE
214,3,4,"Flowers-Insects IAT","incongruent","ratings first","male",22,18,FALSE,FALSE
214,4,4,"Flowers-Insects IAT","incongruent","ratings first","male",22,18,FALSE,FALSE
214,5,4,"Flowers-Insects IAT","incongruent","ratings first","male",22,18,FALSE,FALSE
214,6,4,"Flowers-Insects IAT","incongruent","ratings first","male",22,18,FALSE,FALSE
211,1,2,"Race IAT","congruent","SCIAT first","male",18,27,FALSE,TRUE
211,2,2,"Race IAT","congruent","SCIAT first","male",18,27,FALSE,TRUE
211,3,2,"Race IAT","congruent","SCIAT first","male",18,27,FALSE,TRUE
211,4,2,"Race IAT","congruent","SCIAT first","male",18,27,FALSE,TRUE
211,5,2,"Race IAT","congruent","SCIAT first","male",18,27,FALSE,TRUE
211,6,2,"Race IAT","congruent","SCIAT first","male",18,27,FALSE,TRUE
207,1,4,"Flowers-Insects IAT","congruent","SCIAT first","male",36,15,FALSE,FALSE
207,2,4,"Flowers-Insects IAT","congruent","SCIAT first","male",36,15,FALSE,FALSE
207,3,4,"Flowers-Insects IAT","congruent","SCIAT first","male",36,15,FALSE,FALSE
207,4,4,"Flowers-Insects IAT","congruent","SCIAT first","male",36,15,FALSE,FALSE
207,5,4,"Flowers-Insects IAT","congruent","SCIAT first","male",36,15,FALSE,FALSE
207,6,4,"Flowers-Insects IAT","congruent","SCIAT first","male",36,15,FALSE,FALSE
213,1,5,"Flowers-Insects IAT","congruent","ratings first","female",23,17,FALSE,FALSE
213,2,4,"Flowers-Insects IAT","congruent","ratings first","female",23,17,FALSE,FALSE
213,3,3,"Flowers-Insects IAT","congruent","ratings first","female",23,17,FALSE,FALSE
213,4,5,"Flowers-Insects IAT","congruent","ratings first","female",23,17,FALSE,FALSE
213,5,4,"Flowers-Insects IAT","congruent","ratings first","female",23,17,FALSE,FALSE
213,6,3,"Flowers-Insects IAT","congruent","ratings first","female",23,17,FALSE,FALSE
206,1,3,"Flowers-Insects IAT","incongruent","ratings first","male",36,18,FALSE,FALSE
206,2,4,"Flowers-Insects IAT","incongruent","ratings first","male",36,18,FALSE,FALSE
206,3,4,"Flowers-Insects IAT","incongruent","ratings first","male",36,18,FALSE,FALSE
206,4,4,"Flowers-Insects IAT","incongruent","ratings first","male",36,18,FALSE,FALSE
206,5,4,"Flowers-Insects IAT","incongruent","ratings first","male",36,18,FALSE,FALSE
206,6,4,"Flowers-Insects IAT","incongruent","ratings first","male",36,18,FALSE,FALSE
200,1,4,"Flowers-Insects IAT","incongruent","SCIAT first","female",18,12,FALSE,FALSE
200,2,5,"Flowers-Insects IAT","incongruent","SCIAT first","female",18,12,FALSE,FALSE
200,3,5,"Flowers-Insects IAT","incongruent","SCIAT first","female",18,12,FALSE,FALSE
200,4,5,"Flowers-Insects IAT","incongruent","SCIAT first","female",18,12,FALSE,FALSE
200,5,3,"Flowers-Insects IAT","incongruent","SCIAT first","female",18,12,FALSE,FALSE
200,6,4,"Flowers-Insects IAT","incongruent","SCIAT first","female",18,12,FALSE,FALSE
205,1,6,"Flowers-Insects IAT","congruent","ratings first","male",33,16,FALSE,FALSE
205,2,6,"Flowers-Insects IAT","congruent","ratings first","male",33,16,FALSE,FALSE
205,3,5,"Flowers-Insects IAT","congruent","ratings first","male",33,16,FALSE,FALSE
205,4,6,"Flowers-Insects IAT","congruent","ratings first","male",33,16,FALSE,FALSE
205,5,5,"Flowers-Insects IAT","congruent","ratings first","male",33,16,FALSE,FALSE
205,6,5,"Flowers-Insects IAT","congruent","ratings first","male",33,16,FALSE,FALSE
209,1,5,"Race IAT","congruent","ratings first","male",34,17,FALSE,FALSE
209,2,5,"Race IAT","congruent","ratings first","male",34,17,FALSE,FALSE
209,3,5,"Race IAT","congruent","ratings first","male",34,17,FALSE,FALSE
209,4,5,"Race IAT","congruent","ratings first","male",34,17,FALSE,FALSE
209,5,5,"Race IAT","congruent","ratings first","male",34,17,FALSE,FALSE
209,6,4,"Race IAT","congruent","ratings first","male",34,17,FALSE,FALSE
194,1,6,"Race IAT","incongruent","ratings first","male",22,14,FALSE,FALSE
194,2,5,"Race IAT","incongruent","ratings first","male",22,14,FALSE,FALSE
194,3,5,"Race IAT","incongruent","ratings first","male",22,14,FALSE,FALSE
194,4,4,"Race IAT","incongruent","ratings first","male",22,14,FALSE,FALSE
194,5,6,"Race IAT","incongruent","ratings first","male",22,14,FALSE,FALSE
194,6,6,"Race IAT","incongruent","ratings first","male",22,14,FALSE,FALSE
202,1,6,"Race IAT","incongruent","ratings first","male",40,13,FALSE,FALSE
202,2,6,"Race IAT","incongruent","ratings first","male",40,13,FALSE,FALSE
202,3,6,"Race IAT","incongruent","ratings first","male",40,13,FALSE,FALSE
202,4,6,"Race IAT","incongruent","ratings first","male",40,13,FALSE,FALSE
202,5,6,"Race IAT","incongruent","ratings first","male",40,13,FALSE,FALSE
202,6,6,"Race IAT","incongruent","ratings first","male",40,13,FALSE,FALSE
192,1,5,"Flowers-Insects IAT","incongruent","SCIAT first","nonbinary",18,15,FALSE,FALSE
192,2,5,"Flowers-Insects IAT","incongruent","SCIAT first","nonbinary",18,15,FALSE,FALSE
192,3,5,"Flowers-Insects IAT","incongruent","SCIAT first","nonbinary",18,15,FALSE,FALSE
192,4,5,"Flowers-Insects IAT","incongruent","SCIAT first","nonbinary",18,15,FALSE,FALSE
192,5,5,"Flowers-Insects IAT","incongruent","SCIAT first","nonbinary",18,15,FALSE,FALSE
192,6,5,"Flowers-Insects IAT","incongruent","SCIAT first","nonbinary",18,15,FALSE,FALSE
190,1,5,"Flowers-Insects IAT","incongruent","ratings first","female",32,14,FALSE,FALSE
190,2,4,"Flowers-Insects IAT","incongruent","ratings first","female",32,14,FALSE,FALSE
190,3,7,"Flowers-Insects IAT","incongruent","ratings first","female",32,14,FALSE,FALSE
190,4,4,"Flowers-Insects IAT","incongruent","ratings first","female",32,14,FALSE,FALSE
190,5,5,"Flowers-Insects IAT","incongruent","ratings first","female",32,14,FALSE,FALSE
190,6,3,"Flowers-Insects IAT","incongruent","ratings first","female",32,14,FALSE,FALSE
197,1,4,"Flowers-Insects IAT","congruent","ratings first","male",20,19,FALSE,FALSE
197,2,3,"Flowers-Insects IAT","congruent","ratings first","male",20,19,FALSE,FALSE
197,3,4,"Flowers-Insects IAT","congruent","ratings first","male",20,19,FALSE,FALSE
197,4,4,"Flowers-Insects IAT","congruent","ratings first","male",20,19,FALSE,FALSE
197,5,4,"Flowers-Insects IAT","congruent","ratings first","male",20,19,FALSE,FALSE
197,6,4,"Flowers-Insects IAT","congruent","ratings first","male",20,19,FALSE,FALSE
184,1,4,"Flowers-Insects IAT","incongruent","SCIAT first","male",18,20,FALSE,FALSE
184,2,5,"Flowers-Insects IAT","incongruent","SCIAT first","male",18,20,FALSE,FALSE
184,3,3,"Flowers-Insects IAT","incongruent","SCIAT first","male",18,20,FALSE,FALSE
184,4,4,"Flowers-Insects IAT","incongruent","SCIAT first","male",18,20,FALSE,FALSE
184,5,5,"Flowers-Insects IAT","incongruent","SCIAT first","male",18,20,FALSE,FALSE
184,6,5,"Flowers-Insects IAT","incongruent","SCIAT first","male",18,20,FALSE,FALSE
174,1,4,"Flowers-Insects IAT","incongruent","ratings first","male",57,24,FALSE,FALSE
174,2,3,"Flowers-Insects IAT","incongruent","ratings first","male",57,24,FALSE,FALSE
174,3,4,"Flowers-Insects IAT","incongruent","ratings first","male",57,24,FALSE,FALSE
174,4,5,"Flowers-Insects IAT","incongruent","ratings first","male",57,24,FALSE,FALSE
174,5,3,"Flowers-Insects IAT","incongruent","ratings first","male",57,24,FALSE,FALSE
174,6,4,"Flowers-Insects IAT","incongruent","ratings first","male",57,24,FALSE,FALSE
172,1,4,"Race IAT","incongruent","SCIAT first","female",29,23,FALSE,FALSE
172,2,4,"Race IAT","incongruent","SCIAT first","female",29,23,FALSE,FALSE
172,3,4,"Race IAT","incongruent","SCIAT first","female",29,23,FALSE,FALSE
172,4,4,"Race IAT","incongruent","SCIAT first","female",29,23,FALSE,FALSE
172,5,4,"Race IAT","incongruent","SCIAT first","female",29,23,FALSE,FALSE
172,6,4,"Race IAT","incongruent","SCIAT first","female",29,23,FALSE,FALSE
179,1,4,"Race IAT","congruent","SCIAT first","female",28,17,FALSE,FALSE
179,2,4,"Race IAT","congruent","SCIAT first","female",28,17,FALSE,FALSE
179,3,4,"Race IAT","congruent","SCIAT first","female",28,17,FALSE,FALSE
179,4,4,"Race IAT","congruent","SCIAT first","female",28,17,FALSE,FALSE
179,5,4,"Race IAT","congruent","SCIAT first","female",28,17,FALSE,FALSE
179,6,4,"Race IAT","congruent","SCIAT first","female",28,17,FALSE,FALSE
178,1,6,"Race IAT","incongruent","ratings first","male",44,12,FALSE,FALSE
178,2,6,"Race IAT","incongruent","ratings first","male",44,12,FALSE,FALSE
178,3,6,"Race IAT","incongruent","ratings first","male",44,12,FALSE,FALSE
178,4,6,"Race IAT","incongruent","ratings first","male",44,12,FALSE,FALSE
178,5,6,"Race IAT","incongruent","ratings first","male",44,12,FALSE,FALSE
178,6,6,"Race IAT","incongruent","ratings first","male",44,12,FALSE,FALSE
182,1,5,"Flowers-Insects IAT","incongruent","ratings first","female",37,17,FALSE,FALSE
182,2,4,"Flowers-Insects IAT","incongruent","ratings first","female",37,17,FALSE,FALSE
182,3,5,"Flowers-Insects IAT","incongruent","ratings first","female",37,17,FALSE,FALSE
182,4,5,"Flowers-Insects IAT","incongruent","ratings first","female",37,17,FALSE,FALSE
182,5,5,"Flowers-Insects IAT","incongruent","ratings first","female",37,17,FALSE,FALSE
182,6,6,"Flowers-Insects IAT","incongruent","ratings first","female",37,17,FALSE,FALSE
163,1,5,"Race IAT","congruent","SCIAT first","female",20,12,FALSE,FALSE
163,2,6,"Race IAT","congruent","SCIAT first","female",20,12,FALSE,FALSE
163,3,5,"Race IAT","congruent","SCIAT first","female",20,12,FALSE,FALSE
163,4,5,"Race IAT","congruent","SCIAT first","female",20,12,FALSE,FALSE
163,5,6,"Race IAT","congruent","SCIAT first","female",20,12,FALSE,FALSE
163,6,5,"Race IAT","congruent","SCIAT first","female",20,12,FALSE,FALSE
166,1,4,"Flowers-Insects IAT","incongruent","ratings first","male",30,18,FALSE,FALSE
166,2,3,"Flowers-Insects IAT","incongruent","ratings first","male",30,18,FALSE,FALSE
166,3,5,"Flowers-Insects IAT","incongruent","ratings first","male",30,18,FALSE,FALSE
166,4,4,"Flowers-Insects IAT","incongruent","ratings first","male",30,18,FALSE,FALSE
166,5,3,"Flowers-Insects IAT","incongruent","ratings first","male",30,18,FALSE,FALSE
166,6,2,"Flowers-Insects IAT","incongruent","ratings first","male",30,18,FALSE,FALSE
155,1,4,"Race IAT","congruent","SCIAT first","female",52,20,FALSE,FALSE
155,2,4,"Race IAT","congruent","SCIAT first","female",52,20,FALSE,FALSE
155,3,4,"Race IAT","congruent","SCIAT first","female",52,20,FALSE,FALSE
155,4,4,"Race IAT","congruent","SCIAT first","female",52,20,FALSE,FALSE
155,5,4,"Race IAT","congruent","SCIAT first","female",52,20,FALSE,FALSE
155,6,4,"Race IAT","congruent","SCIAT first","female",52,20,FALSE,FALSE
162,1,3,"Race IAT","incongruent","ratings first","male",44,27,FALSE,FALSE
162,2,4,"Race IAT","incongruent","ratings first","male",44,27,FALSE,FALSE
162,3,3,"Race IAT","incongruent","ratings first","male",44,27,FALSE,FALSE
162,4,4,"Race IAT","incongruent","ratings first","male",44,27,FALSE,FALSE
162,5,4,"Race IAT","incongruent","ratings first","male",44,27,FALSE,FALSE
162,6,5,"Race IAT","incongruent","ratings first","male",44,27,FALSE,FALSE
156,1,5,"Race IAT","incongruent","SCIAT first","male",22,24,FALSE,FALSE
156,2,5,"Race IAT","incongruent","SCIAT first","male",22,24,FALSE,FALSE
156,3,5,"Race IAT","incongruent","SCIAT first","male",22,24,FALSE,FALSE
156,4,6,"Race IAT","incongruent","SCIAT first","male",22,24,FALSE,FALSE
156,5,5,"Race IAT","incongruent","SCIAT first","male",22,24,FALSE,FALSE
156,6,4,"Race IAT","incongruent","SCIAT first","male",22,24,FALSE,FALSE
159,1,5,"Flowers-Insects IAT","congruent","SCIAT first","female",30,15,FALSE,FALSE
159,2,3,"Flowers-Insects IAT","congruent","SCIAT first","female",30,15,FALSE,FALSE
159,3,1,"Flowers-Insects IAT","congruent","SCIAT first","female",30,15,FALSE,FALSE
159,4,3,"Flowers-Insects IAT","congruent","SCIAT first","female",30,15,FALSE,FALSE
159,5,3,"Flowers-Insects IAT","congruent","SCIAT first","female",30,15,FALSE,FALSE
159,6,3,"Flowers-Insects IAT","congruent","SCIAT first","female",30,15,FALSE,FALSE
165,1,4,"Flowers-Insects IAT","congruent","ratings first","male",18,31,FALSE,FALSE
165,2,4,"Flowers-Insects IAT","congruent","ratings first","male",18,31,FALSE,FALSE
165,3,4,"Flowers-Insects IAT","congruent","ratings first","male",18,31,FALSE,FALSE
165,4,4,"Flowers-Insects IAT","congruent","ratings first","male",18,31,FALSE,FALSE
165,5,4,"Flowers-Insects IAT","congruent","ratings first","male",18,31,FALSE,FALSE
165,6,4,"Flowers-Insects IAT","congruent","ratings first","male",18,31,FALSE,FALSE
161,1,4,"Race IAT","congruent","ratings first","male",19,26,FALSE,FALSE
161,2,4,"Race IAT","congruent","ratings first","male",19,26,FALSE,FALSE
161,3,4,"Race IAT","congruent","ratings first","male",19,26,FALSE,FALSE
161,4,4,"Race IAT","congruent","ratings first","male",19,26,FALSE,FALSE
161,5,4,"Race IAT","congruent","ratings first","male",19,26,FALSE,FALSE
161,6,4,"Race IAT","congruent","ratings first","male",19,26,FALSE,FALSE
107,1,3,"Race IAT","congruent","SCIAT first","male",27,33,FALSE,FALSE
107,2,3,"Race IAT","congruent","SCIAT first","male",27,33,FALSE,FALSE
107,3,3,"Race IAT","congruent","SCIAT first","male",27,33,FALSE,FALSE
107,4,3,"Race IAT","congruent","SCIAT first","male",27,33,FALSE,FALSE
107,5,3,"Race IAT","congruent","SCIAT first","male",27,33,FALSE,FALSE
107,6,4,"Race IAT","congruent","SCIAT first","male",27,33,FALSE,FALSE
151,1,4,"Flowers-Insects IAT","congruent","SCIAT first","male",46,11,FALSE,FALSE
151,2,4,"Flowers-Insects IAT","congruent","SCIAT first","male",46,11,FALSE,FALSE
151,3,4,"Flowers-Insects IAT","congruent","SCIAT first","male",46,11,FALSE,FALSE
151,4,4,"Flowers-Insects IAT","congruent","SCIAT first","male",46,11,FALSE,FALSE
151,5,4,"Flowers-Insects IAT","congruent","SCIAT first","male",46,11,FALSE,FALSE
151,6,4,"Flowers-Insects IAT","congruent","SCIAT first","male",46,11,FALSE,FALSE
143,1,4,"Flowers-Insects IAT","congruent","SCIAT first","female",63,18,FALSE,FALSE
143,2,4,"Flowers-Insects IAT","congruent","SCIAT first","female",63,18,FALSE,FALSE
143,3,4,"Flowers-Insects IAT","congruent","SCIAT first","female",63,18,FALSE,FALSE
143,4,3,"Flowers-Insects IAT","congruent","SCIAT first","female",63,18,FALSE,FALSE
143,5,3,"Flowers-Insects IAT","congruent","SCIAT first","female",63,18,FALSE,FALSE
143,6,3,"Flowers-Insects IAT","congruent","SCIAT first","female",63,18,FALSE,FALSE
158,1,4,"Flowers-Insects IAT","incongruent","ratings first","male",18,16,FALSE,FALSE
158,2,5,"Flowers-Insects IAT","incongruent","ratings first","male",18,16,FALSE,FALSE
158,3,5,"Flowers-Insects IAT","incongruent","ratings first","male",18,16,FALSE,FALSE
158,4,5,"Flowers-Insects IAT","incongruent","ratings first","male",18,16,FALSE,FALSE
158,5,4,"Flowers-Insects IAT","incongruent","ratings first","male",18,16,FALSE,FALSE
158,6,4,"Flowers-Insects IAT","incongruent","ratings first","male",18,16,FALSE,FALSE
140,1,4,"Race IAT","incongruent","SCIAT first","male",57,23,FALSE,FALSE
140,2,4,"Race IAT","incongruent","SCIAT first","male",57,23,FALSE,FALSE
140,3,4,"Race IAT","incongruent","SCIAT first","male",57,23,FALSE,FALSE
140,4,4,"Race IAT","incongruent","SCIAT first","male",57,23,FALSE,FALSE
140,5,4,"Race IAT","incongruent","SCIAT first","male",57,23,FALSE,FALSE
140,6,4,"Race IAT","incongruent","SCIAT first","male",57,23,FALSE,FALSE
147,1,4,"Race IAT","congruent","SCIAT first","male",21,18,FALSE,FALSE
147,2,5,"Race IAT","congruent","SCIAT first","male",21,18,FALSE,FALSE
147,3,5,"Race IAT","congruent","SCIAT first","male",21,18,FALSE,FALSE
147,4,5,"Race IAT","congruent","SCIAT first","male",21,18,FALSE,FALSE
147,5,6,"Race IAT","congruent","SCIAT first","male",21,18,FALSE,FALSE
147,6,4,"Race IAT","congruent","SCIAT first","male",21,18,FALSE,FALSE
145,1,4,"Race IAT","congruent","ratings first","male",36,13,FALSE,FALSE
145,2,4,"Race IAT","congruent","ratings first","male",36,13,FALSE,FALSE
145,3,4,"Race IAT","congruent","ratings first","male",36,13,FALSE,FALSE
145,4,4,"Race IAT","congruent","ratings first","male",36,13,FALSE,FALSE
145,5,4,"Race IAT","congruent","ratings first","male",36,13,FALSE,FALSE
145,6,4,"Race IAT","congruent","ratings first","male",36,13,FALSE,FALSE
117,1,5,"Flowers-Insects IAT","congruent","ratings first","male",52,22,FALSE,FALSE
117,2,5,"Flowers-Insects IAT","congruent","ratings first","male",52,22,FALSE,FALSE
117,3,6,"Flowers-Insects IAT","congruent","ratings first","male",52,22,FALSE,FALSE
117,4,5,"Flowers-Insects IAT","congruent","ratings first","male",52,22,FALSE,FALSE
117,5,5,"Flowers-Insects IAT","congruent","ratings first","male",52,22,FALSE,FALSE
117,6,5,"Flowers-Insects IAT","congruent","ratings first","male",52,22,FALSE,FALSE
120,1,4,"Flowers-Insects IAT","incongruent","SCIAT first","male",28,23,FALSE,FALSE
120,2,4,"Flowers-Insects IAT","incongruent","SCIAT first","male",28,23,FALSE,FALSE
120,3,4,"Flowers-Insects IAT","incongruent","SCIAT first","male",28,23,FALSE,FALSE
120,4,4,"Flowers-Insects IAT","incongruent","SCIAT first","male",28,23,FALSE,FALSE
120,5,4,"Flowers-Insects IAT","incongruent","SCIAT first","male",28,23,FALSE,FALSE
120,6,4,"Flowers-Insects IAT","incongruent","SCIAT first","male",28,23,FALSE,FALSE
149,1,4,"Flowers-Insects IAT","congruent","ratings first","male",18,14,FALSE,FALSE
149,2,4,"Flowers-Insects IAT","congruent","ratings first","male",18,14,FALSE,FALSE
149,3,4,"Flowers-Insects IAT","congruent","ratings first","male",18,14,FALSE,FALSE
149,4,4,"Flowers-Insects IAT","congruent","ratings first","male",18,14,FALSE,FALSE
149,5,5,"Flowers-Insects IAT","congruent","ratings first","male",18,14,FALSE,FALSE
149,6,4,"Flowers-Insects IAT","congruent","ratings first","male",18,14,FALSE,FALSE
150,1,3,"Flowers-Insects IAT","incongruent","ratings first","male",54,25,FALSE,FALSE
150,2,4,"Flowers-Insects IAT","incongruent","ratings first","male",54,25,FALSE,FALSE
150,3,3,"Flowers-Insects IAT","incongruent","ratings first","male",54,25,FALSE,FALSE
150,4,3,"Flowers-Insects IAT","incongruent","ratings first","male",54,25,FALSE,FALSE
150,5,3,"Flowers-Insects IAT","incongruent","ratings first","male",54,25,FALSE,FALSE
150,6,3,"Flowers-Insects IAT","incongruent","ratings first","male",54,25,FALSE,FALSE
142,1,5,"Flowers-Insects IAT","incongruent","ratings first","male",32,23,FALSE,FALSE
142,2,2,"Flowers-Insects IAT","incongruent","ratings first","male",32,23,FALSE,FALSE
142,3,4,"Flowers-Insects IAT","incongruent","ratings first","male",32,23,FALSE,FALSE
142,4,5,"Flowers-Insects IAT","incongruent","ratings first","male",32,23,FALSE,FALSE
142,5,4,"Flowers-Insects IAT","incongruent","ratings first","male",32,23,FALSE,FALSE
142,6,3,"Flowers-Insects IAT","incongruent","ratings first","male",32,23,FALSE,FALSE
131,1,4,"Race IAT","congruent","SCIAT first","male",53,19,FALSE,FALSE
131,2,4,"Race IAT","congruent","SCIAT first","male",53,19,FALSE,FALSE
131,3,4,"Race IAT","congruent","SCIAT first","male",53,19,FALSE,FALSE
131,4,4,"Race IAT","congruent","SCIAT first","male",53,19,FALSE,FALSE
131,5,4,"Race IAT","congruent","SCIAT first","male",53,19,FALSE,FALSE
131,6,4,"Race IAT","congruent","SCIAT first","male",53,19,FALSE,FALSE
134,1,4,"Flowers-Insects IAT","incongruent","ratings first","male",28,20,FALSE,FALSE
134,2,5,"Flowers-Insects IAT","incongruent","ratings first","male",28,20,FALSE,FALSE
134,3,4,"Flowers-Insects IAT","incongruent","ratings first","male",28,20,FALSE,FALSE
134,4,3,"Flowers-Insects IAT","incongruent","ratings first","male",28,20,FALSE,FALSE
134,5,4,"Flowers-Insects IAT","incongruent","ratings first","male",28,20,FALSE,FALSE
134,6,4,"Flowers-Insects IAT","incongruent","ratings first","male",28,20,FALSE,FALSE
146,1,4,"Race IAT","incongruent","ratings first","male",19,14,FALSE,FALSE
146,2,5,"Race IAT","incongruent","ratings first","male",19,14,FALSE,FALSE
146,3,5,"Race IAT","incongruent","ratings first","male",19,14,FALSE,FALSE
146,4,4,"Race IAT","incongruent","ratings first","male",19,14,FALSE,FALSE
146,5,3,"Race IAT","incongruent","ratings first","male",19,14,FALSE,FALSE
146,6,4,"Race IAT","incongruent","ratings first","male",19,14,FALSE,FALSE
132,1,4,"Race IAT","incongruent","SCIAT first","male",48,12,FALSE,FALSE
132,2,5,"Race IAT","incongruent","SCIAT first","male",48,12,FALSE,FALSE
132,3,5,"Race IAT","incongruent","SCIAT first","male",48,12,FALSE,FALSE
132,4,6,"Race IAT","incongruent","SCIAT first","male",48,12,FALSE,FALSE
132,5,5,"Race IAT","incongruent","SCIAT first","male",48,12,FALSE,FALSE
132,6,4,"Race IAT","incongruent","SCIAT first","male",48,12,FALSE,FALSE
121,1,4,"Race IAT","congruent","ratings first","male",63,11,FALSE,FALSE
121,2,4,"Race IAT","congruent","ratings first","male",63,11,FALSE,FALSE
121,3,4,"Race IAT","congruent","ratings first","male",63,11,FALSE,FALSE
121,4,4,"Race IAT","congruent","ratings first","male",63,11,FALSE,FALSE
121,5,4,"Race IAT","congruent","ratings first","male",63,11,FALSE,FALSE
121,6,4,"Race IAT","congruent","ratings first","male",63,11,FALSE,FALSE
129,1,4,"Race IAT","congruent","ratings first","male",52,21,FALSE,FALSE
129,2,4,"Race IAT","congruent","ratings first","male",52,21,FALSE,FALSE
129,3,5,"Race IAT","congruent","ratings first","male",52,21,FALSE,FALSE
129,4,4,"Race IAT","congruent","ratings first","male",52,21,FALSE,FALSE
129,5,4,"Race IAT","congruent","ratings first","male",52,21,FALSE,FALSE
129,6,5,"Race IAT","congruent","ratings first","male",52,21,FALSE,FALSE
112,1,5,"Flowers-Insects IAT","incongruent","SCIAT first","male",35,18,FALSE,FALSE
112,2,3,"Flowers-Insects IAT","incongruent","SCIAT first","male",35,18,FALSE,FALSE
112,3,3,"Flowers-Insects IAT","incongruent","SCIAT first","male",35,18,FALSE,FALSE
112,4,3,"Flowers-Insects IAT","incongruent","SCIAT first","male",35,18,FALSE,FALSE
112,5,5,"Flowers-Insects IAT","incongruent","SCIAT first","male",35,18,FALSE,FALSE
112,6,5,"Flowers-Insects IAT","incongruent","SCIAT first","male",35,18,FALSE,FALSE
137,1,4,"Race IAT","congruent","ratings first","female",25,11,FALSE,FALSE
137,2,6,"Race IAT","congruent","ratings first","female",25,11,FALSE,FALSE
137,3,6,"Race IAT","congruent","ratings first","female",25,11,FALSE,FALSE
137,4,7,"Race IAT","congruent","ratings first","female",25,11,FALSE,FALSE
137,5,3,"Race IAT","congruent","ratings first","female",25,11,FALSE,FALSE
137,6,4,"Race IAT","congruent","ratings first","female",25,11,FALSE,FALSE
115,1,4,"Race IAT","congruent","SCIAT first","female",18,25,FALSE,FALSE
115,2,4,"Race IAT","congruent","SCIAT first","female",18,25,FALSE,FALSE
115,3,4,"Race IAT","congruent","SCIAT first","female",18,25,FALSE,FALSE
115,4,4,"Race IAT","congruent","SCIAT first","female",18,25,FALSE,FALSE
115,5,4,"Race IAT","congruent","SCIAT first","female",18,25,FALSE,FALSE
115,6,4,"Race IAT","congruent","SCIAT first","female",18,25,FALSE,FALSE
128,1,5,"Flowers-Insects IAT","incongruent","SCIAT first","male",28,19,FALSE,FALSE
128,2,3,"Flowers-Insects IAT","incongruent","SCIAT first","male",28,19,FALSE,FALSE
128,3,4,"Flowers-Insects IAT","incongruent","SCIAT first","male",28,19,FALSE,FALSE
128,4,4,"Flowers-Insects IAT","incongruent","SCIAT first","male",28,19,FALSE,FALSE
128,5,3,"Flowers-Insects IAT","incongruent","SCIAT first","male",28,19,FALSE,FALSE
128,6,3,"Flowers-Insects IAT","incongruent","SCIAT first","male",28,19,FALSE,FALSE
130,1,3,"Race IAT","incongruent","ratings first","male",23,14,FALSE,FALSE
130,2,3,"Race IAT","incongruent","ratings first","male",23,14,FALSE,FALSE
130,3,3,"Race IAT","incongruent","ratings first","male",23,14,FALSE,FALSE
130,4,3,"Race IAT","incongruent","ratings first","male",23,14,FALSE,FALSE
130,5,3,"Race IAT","incongruent","ratings first","male",23,14,FALSE,FALSE
130,6,3,"Race IAT","incongruent","ratings first","male",23,14,FALSE,FALSE
116,1,5,"Race IAT","incongruent","SCIAT first","male",25,19,FALSE,FALSE
116,2,4,"Race IAT","incongruent","SCIAT first","male",25,19,FALSE,FALSE
116,3,3,"Race IAT","incongruent","SCIAT first","male",25,19,FALSE,FALSE
116,4,5,"Race IAT","incongruent","SCIAT first","male",25,19,FALSE,FALSE
116,5,5,"Race IAT","incongruent","SCIAT first","male",25,19,FALSE,FALSE
116,6,4,"Race IAT","incongruent","SCIAT first","male",25,19,FALSE,FALSE
106,1,4,"Race IAT","incongruent","ratings first","female",55,10,FALSE,FALSE
106,2,4,"Race IAT","incongruent","ratings first","female",55,10,FALSE,FALSE
106,3,4,"Race IAT","incongruent","ratings first","female",55,10,FALSE,FALSE
106,4,4,"Race IAT","incongruent","ratings first","female",55,10,FALSE,FALSE
106,5,4,"Race IAT","incongruent","ratings first","female",55,10,FALSE,FALSE
106,6,4,"Race IAT","incongruent","ratings first","female",55,10,FALSE,FALSE
125,1,4,"Flowers-Insects IAT","congruent","ratings first","male",37,23,FALSE,FALSE
125,2,3,"Flowers-Insects IAT","congruent","ratings first","male",37,23,FALSE,FALSE
125,3,4,"Flowers-Insects IAT","congruent","ratings first","male",37,23,FALSE,FALSE
125,4,5,"Flowers-Insects IAT","congruent","ratings first","male",37,23,FALSE,FALSE
125,5,5,"Flowers-Insects IAT","congruent","ratings first","male",37,23,FALSE,FALSE
125,6,5,"Flowers-Insects IAT","congruent","ratings first","male",37,23,FALSE,FALSE
119,1,4,"Flowers-Insects IAT","congruent","SCIAT first","male",30,17,FALSE,FALSE
119,2,4,"Flowers-Insects IAT","congruent","SCIAT first","male",30,17,FALSE,FALSE
119,3,4,"Flowers-Insects IAT","congruent","SCIAT first","male",30,17,FALSE,FALSE
119,4,4,"Flowers-Insects IAT","congruent","SCIAT first","male",30,17,FALSE,FALSE
119,5,4,"Flowers-Insects IAT","congruent","SCIAT first","male",30,17,FALSE,FALSE
119,6,4,"Flowers-Insects IAT","congruent","SCIAT first","male",30,17,FALSE,FALSE
110,1,4,"Flowers-Insects IAT","incongruent","ratings first","female",18,15,FALSE,FALSE
110,2,4,"Flowers-Insects IAT","incongruent","ratings first","female",18,15,FALSE,FALSE
110,3,3,"Flowers-Insects IAT","incongruent","ratings first","female",18,15,FALSE,FALSE
110,4,3,"Flowers-Insects IAT","incongruent","ratings first","female",18,15,FALSE,FALSE
110,5,4,"Flowers-Insects IAT","incongruent","ratings first","female",18,15,FALSE,FALSE
110,6,4,"Flowers-Insects IAT","incongruent","ratings first","female",18,15,FALSE,FALSE
118,1,4,"Flowers-Insects IAT","incongruent","ratings first","male",20,18,FALSE,FALSE
118,2,4,"Flowers-Insects IAT","incongruent","ratings first","male",20,18,FALSE,FALSE
118,3,4,"Flowers-Insects IAT","incongruent","ratings first","male",20,18,FALSE,FALSE
118,4,4,"Flowers-Insects IAT","incongruent","ratings first","male",20,18,FALSE,FALSE
118,5,4,"Flowers-Insects IAT","incongruent","ratings first","male",20,18,FALSE,FALSE
118,6,4,"Flowers-Insects IAT","incongruent","ratings first","male",20,18,FALSE,FALSE
114,1,5,"Race IAT","incongruent","ratings first","male",25,14,FALSE,FALSE
114,2,4,"Race IAT","incongruent","ratings first","male",25,14,FALSE,FALSE
114,3,5,"Race IAT","incongruent","ratings first","male",25,14,FALSE,FALSE
114,4,5,"Race IAT","incongruent","ratings first","male",25,14,FALSE,FALSE
114,5,5,"Race IAT","incongruent","ratings first","male",25,14,FALSE,FALSE
114,6,5,"Race IAT","incongruent","ratings first","male",25,14,FALSE,FALSE
104,1,7,"Flowers-Insects IAT","incongruent","SCIAT first","male",37,16,FALSE,FALSE
104,2,7,"Flowers-Insects IAT","incongruent","SCIAT first","male",37,16,FALSE,FALSE
104,3,7,"Flowers-Insects IAT","incongruent","SCIAT first","male",37,16,FALSE,FALSE
104,4,7,"Flowers-Insects IAT","incongruent","SCIAT first","male",37,16,FALSE,FALSE
104,5,7,"Flowers-Insects IAT","incongruent","SCIAT first","male",37,16,FALSE,FALSE
104,6,7,"Flowers-Insects IAT","incongruent","SCIAT first","male",37,16,FALSE,FALSE
113,1,4,"Race IAT","congruent","ratings first","female",21,13,FALSE,FALSE
113,2,4,"Race IAT","congruent","ratings first","female",21,13,FALSE,FALSE
113,3,4,"Race IAT","congruent","ratings first","female",21,13,FALSE,FALSE
113,4,4,"Race IAT","congruent","ratings first","female",21,13,FALSE,FALSE
113,5,4,"Race IAT","congruent","ratings first","female",21,13,FALSE,FALSE
113,6,4,"Race IAT","congruent","ratings first","female",21,13,FALSE,FALSE
109,1,5,"Flowers-Insects IAT","congruent","ratings first","female",51,20,FALSE,FALSE
109,2,5,"Flowers-Insects IAT","congruent","ratings first","female",51,20,FALSE,FALSE
109,3,4,"Flowers-Insects IAT","congruent","ratings first","female",51,20,FALSE,FALSE
109,4,6,"Flowers-Insects IAT","congruent","ratings first","female",51,20,FALSE,FALSE
109,5,5,"Flowers-Insects IAT","congruent","ratings first","female",51,20,FALSE,FALSE
109,6,4,"Flowers-Insects IAT","congruent","ratings first","female",51,20,FALSE,FALSE
90,1,4,"Race IAT","incongruent","ratings first","male",50,12,FALSE,FALSE
90,2,5,"Race IAT","incongruent","ratings first","male",50,12,FALSE,FALSE
90,3,6,"Race IAT","incongruent","ratings first","male",50,12,FALSE,FALSE
90,4,5,"Race IAT","incongruent","ratings first","male",50,12,FALSE,FALSE
90,5,7,"Race IAT","incongruent","ratings first","male",50,12,FALSE,FALSE
90,6,7,"Race IAT","incongruent","ratings first","male",50,12,FALSE,FALSE
88,1,4,"Flowers-Insects IAT","incongruent","SCIAT first","female",18,11,FALSE,FALSE
88,2,4,"Flowers-Insects IAT","incongruent","SCIAT first","female",18,11,FALSE,FALSE
88,3,4,"Flowers-Insects IAT","incongruent","SCIAT first","female",18,11,FALSE,FALSE
88,4,4,"Flowers-Insects IAT","incongruent","SCIAT first","female",18,11,FALSE,FALSE
88,5,4,"Flowers-Insects IAT","incongruent","SCIAT first","female",18,11,FALSE,FALSE
88,6,4,"Flowers-Insects IAT","incongruent","SCIAT first","female",18,11,FALSE,FALSE
89,1,4,"Race IAT","congruent","ratings first","female",22,15,FALSE,FALSE
89,2,4,"Race IAT","congruent","ratings first","female",22,15,FALSE,FALSE
89,3,4,"Race IAT","congruent","ratings first","female",22,15,FALSE,FALSE
89,4,4,"Race IAT","congruent","ratings first","female",22,15,FALSE,FALSE
89,5,4,"Race IAT","congruent","ratings first","female",22,15,FALSE,FALSE
89,6,4,"Race IAT","congruent","ratings first","female",22,15,FALSE,FALSE
87,1,3,"Flowers-Insects IAT","congruent","SCIAT first","male",27,23,FALSE,FALSE
87,2,4,"Flowers-Insects IAT","congruent","SCIAT first","male",27,23,FALSE,FALSE
87,3,4,"Flowers-Insects IAT","congruent","SCIAT first","male",27,23,FALSE,FALSE
87,4,4,"Flowers-Insects IAT","congruent","SCIAT first","male",27,23,FALSE,FALSE
87,5,4,"Flowers-Insects IAT","congruent","SCIAT first","male",27,23,FALSE,FALSE
87,6,4,"Flowers-Insects IAT","congruent","SCIAT first","male",27,23,FALSE,FALSE
92,1,4,"Race IAT","incongruent","SCIAT first","male",34,16,FALSE,FALSE
92,2,4,"Race IAT","incongruent","SCIAT first","male",34,16,FALSE,FALSE
92,3,4,"Race IAT","incongruent","SCIAT first","male",34,16,FALSE,FALSE
92,4,4,"Race IAT","incongruent","SCIAT first","male",34,16,FALSE,FALSE
92,5,4,"Race IAT","incongruent","SCIAT first","male",34,16,FALSE,FALSE
92,6,4,"Race IAT","incongruent","SCIAT first","male",34,16,FALSE,FALSE
80,1,6,"Flowers-Insects IAT","incongruent","SCIAT first","male",52,19,FALSE,FALSE
80,2,5,"Flowers-Insects IAT","incongruent","SCIAT first","male",52,19,FALSE,FALSE
80,3,6,"Flowers-Insects IAT","incongruent","SCIAT first","male",52,19,FALSE,FALSE
80,4,6,"Flowers-Insects IAT","incongruent","SCIAT first","male",52,19,FALSE,FALSE
80,5,5,"Flowers-Insects IAT","incongruent","SCIAT first","male",52,19,FALSE,FALSE
80,6,6,"Flowers-Insects IAT","incongruent","SCIAT first","male",52,19,FALSE,FALSE
93,1,5,"Flowers-Insects IAT","congruent","ratings first","male",32,11,FALSE,FALSE
93,2,5,"Flowers-Insects IAT","congruent","ratings first","male",32,11,FALSE,FALSE
93,3,5,"Flowers-Insects IAT","congruent","ratings first","male",32,11,FALSE,FALSE
93,4,5,"Flowers-Insects IAT","congruent","ratings first","male",32,11,FALSE,FALSE
93,5,5,"Flowers-Insects IAT","congruent","ratings first","male",32,11,FALSE,FALSE
93,6,5,"Flowers-Insects IAT","congruent","ratings first","male",32,11,FALSE,FALSE
84,1,4,"Race IAT","incongruent","SCIAT first","male",20,18,FALSE,FALSE
84,2,4,"Race IAT","incongruent","SCIAT first","male",20,18,FALSE,FALSE
84,3,4,"Race IAT","incongruent","SCIAT first","male",20,18,FALSE,FALSE
84,4,4,"Race IAT","incongruent","SCIAT first","male",20,18,FALSE,FALSE
84,5,4,"Race IAT","incongruent","SCIAT first","male",20,18,FALSE,FALSE
84,6,4,"Race IAT","incongruent","SCIAT first","male",20,18,FALSE,FALSE
83,1,1,"Race IAT","congruent","SCIAT first","female",40,27,TRUE,TRUE
83,2,1,"Race IAT","congruent","SCIAT first","female",40,27,TRUE,TRUE
83,3,1,"Race IAT","congruent","SCIAT first","female",40,27,TRUE,TRUE
83,4,1,"Race IAT","congruent","SCIAT first","female",40,27,TRUE,TRUE
83,5,1,"Race IAT","congruent","SCIAT first","female",40,27,TRUE,TRUE
83,6,1,"Race IAT","congruent","SCIAT first","female",40,27,TRUE,TRUE
86,1,6,"Flowers-Insects IAT","incongruent","ratings first","male",30,12,FALSE,FALSE
86,2,6,"Flowers-Insects IAT","incongruent","ratings first","male",30,12,FALSE,FALSE
86,3,6,"Flowers-Insects IAT","incongruent","ratings first","male",30,12,FALSE,FALSE
86,4,5,"Flowers-Insects IAT","incongruent","ratings first","male",30,12,FALSE,FALSE
86,5,6,"Flowers-Insects IAT","incongruent","ratings first","male",30,12,FALSE,FALSE
86,6,5,"Flowers-Insects IAT","incongruent","ratings first","male",30,12,FALSE,FALSE
76,1,4,"Race IAT","incongruent","SCIAT first","male",43,15,FALSE,FALSE
76,2,4,"Race IAT","incongruent","SCIAT first","male",43,15,FALSE,FALSE
76,3,4,"Race IAT","incongruent","SCIAT first","male",43,15,FALSE,FALSE
76,4,4,"Race IAT","incongruent","SCIAT first","male",43,15,FALSE,FALSE
76,5,4,"Race IAT","incongruent","SCIAT first","male",43,15,FALSE,FALSE
76,6,4,"Race IAT","incongruent","SCIAT first","male",43,15,FALSE,FALSE
85,1,4,"Flowers-Insects IAT","congruent","ratings first","female",30,22,FALSE,FALSE
85,2,5,"Flowers-Insects IAT","congruent","ratings first","female",30,22,FALSE,FALSE
85,3,6,"Flowers-Insects IAT","congruent","ratings first","female",30,22,FALSE,FALSE
85,4,5,"Flowers-Insects IAT","congruent","ratings first","female",30,22,FALSE,FALSE
85,5,5,"Flowers-Insects IAT","congruent","ratings first","female",30,22,FALSE,FALSE
85,6,6,"Flowers-Insects IAT","congruent","ratings first","female",30,22,FALSE,FALSE
68,1,5,"Race IAT","incongruent","SCIAT first","female",48,19,FALSE,FALSE
68,2,5,"Race IAT","incongruent","SCIAT first","female",48,19,FALSE,FALSE
68,3,5,"Race IAT","incongruent","SCIAT first","female",48,19,FALSE,FALSE
68,4,5,"Race IAT","incongruent","SCIAT first","female",48,19,FALSE,FALSE
68,5,5,"Race IAT","incongruent","SCIAT first","female",48,19,FALSE,FALSE
68,6,5,"Race IAT","incongruent","SCIAT first","female",48,19,FALSE,FALSE
82,1,4,"Race IAT","incongruent","ratings first","male",34,15,FALSE,FALSE
82,2,4,"Race IAT","incongruent","ratings first","male",34,15,FALSE,FALSE
82,3,5,"Race IAT","incongruent","ratings first","male",34,15,FALSE,FALSE
82,4,4,"Race IAT","incongruent","ratings first","male",34,15,FALSE,FALSE
82,5,5,"Race IAT","incongruent","ratings first","male",34,15,FALSE,FALSE
82,6,4,"Race IAT","incongruent","ratings first","male",34,15,FALSE,FALSE
70,1,4,"Flowers-Insects IAT","incongruent","ratings first","male",37,12,FALSE,FALSE
70,2,4,"Flowers-Insects IAT","incongruent","ratings first","male",37,12,FALSE,FALSE
70,3,4,"Flowers-Insects IAT","incongruent","ratings first","male",37,12,FALSE,FALSE
70,4,4,"Flowers-Insects IAT","incongruent","ratings first","male",37,12,FALSE,FALSE
70,5,4,"Flowers-Insects IAT","incongruent","ratings first","male",37,12,FALSE,FALSE
70,6,4,"Flowers-Insects IAT","incongruent","ratings first","male",37,12,FALSE,FALSE
69,1,4,"Flowers-Insects IAT","congruent","ratings first","male",37,19,FALSE,FALSE
69,2,4,"Flowers-Insects IAT","congruent","ratings first","male",37,19,FALSE,FALSE
69,3,4,"Flowers-Insects IAT","congruent","ratings first","male",37,19,FALSE,FALSE
69,4,5,"Flowers-Insects IAT","congruent","ratings first","male",37,19,FALSE,FALSE
69,5,4,"Flowers-Insects IAT","congruent","ratings first","male",37,19,FALSE,FALSE
69,6,4,"Flowers-Insects IAT","congruent","ratings first","male",37,19,FALSE,FALSE
78,1,4,"Flowers-Insects IAT","incongruent","ratings first","male",26,29,FALSE,FALSE
78,2,3,"Flowers-Insects IAT","incongruent","ratings first","male",26,29,FALSE,FALSE
78,3,5,"Flowers-Insects IAT","incongruent","ratings first","male",26,29,FALSE,FALSE
78,4,2,"Flowers-Insects IAT","incongruent","ratings first","male",26,29,FALSE,FALSE
78,5,3,"Flowers-Insects IAT","incongruent","ratings first","male",26,29,FALSE,FALSE
78,6,4,"Flowers-Insects IAT","incongruent","ratings first","male",26,29,FALSE,FALSE
61,1,4,"Flowers-Insects IAT","congruent","ratings first","female",36,23,FALSE,FALSE
61,2,4,"Flowers-Insects IAT","congruent","ratings first","female",36,23,FALSE,FALSE
61,3,4,"Flowers-Insects IAT","congruent","ratings first","female",36,23,FALSE,FALSE
61,4,3,"Flowers-Insects IAT","congruent","ratings first","female",36,23,FALSE,FALSE
61,5,3,"Flowers-Insects IAT","congruent","ratings first","female",36,23,FALSE,FALSE
61,6,4,"Flowers-Insects IAT","congruent","ratings first","female",36,23,FALSE,FALSE
59,1,4,"Race IAT","congruent","SCIAT first","male",32,19,FALSE,FALSE
59,2,4,"Race IAT","congruent","SCIAT first","male",32,19,FALSE,FALSE
59,3,5,"Race IAT","congruent","SCIAT first","male",32,19,FALSE,FALSE
59,4,4,"Race IAT","congruent","SCIAT first","male",32,19,FALSE,FALSE
59,5,4,"Race IAT","congruent","SCIAT first","male",32,19,FALSE,FALSE
59,6,4,"Race IAT","congruent","SCIAT first","male",32,19,FALSE,FALSE
55,1,4,"Flowers-Insects IAT","congruent","SCIAT first","female",33,19,FALSE,FALSE
55,2,4,"Flowers-Insects IAT","congruent","SCIAT first","female",33,19,FALSE,FALSE
55,3,4,"Flowers-Insects IAT","congruent","SCIAT first","female",33,19,FALSE,FALSE
55,4,4,"Flowers-Insects IAT","congruent","SCIAT first","female",33,19,FALSE,FALSE
55,5,4,"Flowers-Insects IAT","congruent","SCIAT first","female",33,19,FALSE,FALSE
55,6,4,"Flowers-Insects IAT","congruent","SCIAT first","female",33,19,FALSE,FALSE
58,1,7,"Race IAT","incongruent","ratings first","feminine",27,8,FALSE,FALSE
58,2,7,"Race IAT","incongruent","ratings first","feminine",27,8,FALSE,FALSE
58,3,7,"Race IAT","incongruent","ratings first","feminine",27,8,FALSE,FALSE
58,4,7,"Race IAT","incongruent","ratings first","feminine",27,8,FALSE,FALSE
58,5,7,"Race IAT","incongruent","ratings first","feminine",27,8,FALSE,FALSE
58,6,7,"Race IAT","incongruent","ratings first","feminine",27,8,FALSE,FALSE
56,1,5,"Flowers-Insects IAT","incongruent","SCIAT first","male",36,15,FALSE,FALSE
56,2,5,"Flowers-Insects IAT","incongruent","SCIAT first","male",36,15,FALSE,FALSE
56,3,5,"Flowers-Insects IAT","incongruent","SCIAT first","male",36,15,FALSE,FALSE
56,4,6,"Flowers-Insects IAT","incongruent","SCIAT first","male",36,15,FALSE,FALSE
56,5,6,"Flowers-Insects IAT","incongruent","SCIAT first","male",36,15,FALSE,FALSE
56,6,5,"Flowers-Insects IAT","incongruent","SCIAT first","male",36,15,FALSE,FALSE
47,1,4,"Flowers-Insects IAT","congruent","SCIAT first","male",39,18,FALSE,FALSE
47,2,4,"Flowers-Insects IAT","congruent","SCIAT first","male",39,18,FALSE,FALSE
47,3,4,"Flowers-Insects IAT","congruent","SCIAT first","male",39,18,FALSE,FALSE
47,4,4,"Flowers-Insects IAT","congruent","SCIAT first","male",39,18,FALSE,FALSE
47,5,4,"Flowers-Insects IAT","congruent","SCIAT first","male",39,18,FALSE,FALSE
47,6,4,"Flowers-Insects IAT","congruent","SCIAT first","male",39,18,FALSE,FALSE
46,1,4,"Flowers-Insects IAT","incongruent","ratings first","male",31,20,FALSE,FALSE
46,2,4,"Flowers-Insects IAT","incongruent","ratings first","male",31,20,FALSE,FALSE
46,3,4,"Flowers-Insects IAT","incongruent","ratings first","male",31,20,FALSE,FALSE
46,4,4,"Flowers-Insects IAT","incongruent","ratings first","male",31,20,FALSE,FALSE
46,5,4,"Flowers-Insects IAT","incongruent","ratings first","male",31,20,FALSE,FALSE
46,6,4,"Flowers-Insects IAT","incongruent","ratings first","male",31,20,FALSE,FALSE
38,1,4,"Flowers-Insects IAT","incongruent","ratings first","male",36,15,FALSE,FALSE
38,2,4,"Flowers-Insects IAT","incongruent","ratings first","male",36,15,FALSE,FALSE
38,3,4,"Flowers-Insects IAT","incongruent","ratings first","male",36,15,FALSE,FALSE
38,4,4,"Flowers-Insects IAT","incongruent","ratings first","male",36,15,FALSE,FALSE
38,5,4,"Flowers-Insects IAT","incongruent","ratings first","male",36,15,FALSE,FALSE
38,6,4,"Flowers-Insects IAT","incongruent","ratings first","male",36,15,FALSE,FALSE
36,1,4,"Race IAT","incongruent","SCIAT first","female",28,15,FALSE,FALSE
36,2,5,"Race IAT","incongruent","SCIAT first","female",28,15,FALSE,FALSE
36,3,5,"Race IAT","incongruent","SCIAT first","female",28,15,FALSE,FALSE
36,4,6,"Race IAT","incongruent","SCIAT first","female",28,15,FALSE,FALSE
36,5,4,"Race IAT","incongruent","SCIAT first","female",28,15,FALSE,FALSE
36,6,4,"Race IAT","incongruent","SCIAT first","female",28,15,FALSE,FALSE
37,1,3,"Flowers-Insects IAT","congruent","ratings first","female",18,19,FALSE,FALSE
37,2,3,"Flowers-Insects IAT","congruent","ratings first","female",18,19,FALSE,FALSE
37,3,3,"Flowers-Insects IAT","congruent","ratings first","female",18,19,FALSE,FALSE
37,4,3,"Flowers-Insects IAT","congruent","ratings first","female",18,19,FALSE,FALSE
37,5,3,"Flowers-Insects IAT","congruent","ratings first","female",18,19,FALSE,FALSE
37,6,3,"Flowers-Insects IAT","congruent","ratings first","female",18,19,FALSE,FALSE
34,1,4,"Race IAT","incongruent","ratings first","female",30,17,FALSE,FALSE
34,2,4,"Race IAT","incongruent","ratings first","female",30,17,FALSE,FALSE
34,3,4,"Race IAT","incongruent","ratings first","female",30,17,FALSE,FALSE
34,4,4,"Race IAT","incongruent","ratings first","female",30,17,FALSE,FALSE
34,5,4,"Race IAT","incongruent","ratings first","female",30,17,FALSE,FALSE
34,6,4,"Race IAT","incongruent","ratings first","female",30,17,FALSE,FALSE
24,1,4,"Flowers-Insects IAT","incongruent","SCIAT first","female",33,11,FALSE,FALSE
24,2,4,"Flowers-Insects IAT","incongruent","SCIAT first","female",33,11,FALSE,FALSE
24,3,4,"Flowers-Insects IAT","incongruent","SCIAT first","female",33,11,FALSE,FALSE
24,4,4,"Flowers-Insects IAT","incongruent","SCIAT first","female",33,11,FALSE,FALSE
24,5,4,"Flowers-Insects IAT","incongruent","SCIAT first","female",33,11,FALSE,FALSE
24,6,4,"Flowers-Insects IAT","incongruent","SCIAT first","female",33,11,FALSE,FALSE
27,1,4,"Race IAT","congruent","SCIAT first","male",23,14,FALSE,FALSE
27,2,5,"Race IAT","congruent","SCIAT first","male",23,14,FALSE,FALSE
27,3,4,"Race IAT","congruent","SCIAT first","male",23,14,FALSE,FALSE
27,4,4,"Race IAT","congruent","SCIAT first","male",23,14,FALSE,FALSE
27,5,5,"Race IAT","congruent","SCIAT first","male",23,14,FALSE,FALSE
27,6,6,"Race IAT","congruent","SCIAT first","male",23,14,FALSE,FALSE
29,1,4,"Flowers-Insects IAT","congruent","ratings first","female",40,11,FALSE,FALSE
29,2,4,"Flowers-Insects IAT","congruent","ratings first","female",40,11,FALSE,FALSE
29,3,4,"Flowers-Insects IAT","congruent","ratings first","female",40,11,FALSE,FALSE
29,4,4,"Flowers-Insects IAT","congruent","ratings first","female",40,11,FALSE,FALSE
29,5,4,"Flowers-Insects IAT","congruent","ratings first","female",40,11,FALSE,FALSE
29,6,4,"Flowers-Insects IAT","congruent","ratings first","female",40,11,FALSE,FALSE
15,1,4,"Flowers-Insects IAT","congruent","SCIAT first","female",21,36,FALSE,FALSE
15,2,4,"Flowers-Insects IAT","congruent","SCIAT first","female",21,36,FALSE,FALSE
15,3,4,"Flowers-Insects IAT","congruent","SCIAT first","female",21,36,FALSE,FALSE
15,4,4,"Flowers-Insects IAT","congruent","SCIAT first","female",21,36,FALSE,FALSE
15,5,4,"Flowers-Insects IAT","congruent","SCIAT first","female",21,36,FALSE,FALSE
15,6,4,"Flowers-Insects IAT","congruent","SCIAT first","female",21,36,FALSE,FALSE
18,1,4,"Race IAT","incongruent","ratings first","male",30,22,FALSE,FALSE
18,2,4,"Race IAT","incongruent","ratings first","male",30,22,FALSE,FALSE
18,3,4,"Race IAT","incongruent","ratings first","male",30,22,FALSE,FALSE
18,4,4,"Race IAT","incongruent","ratings first","male",30,22,FALSE,FALSE
18,5,4,"Race IAT","incongruent","ratings first","male",30,22,FALSE,FALSE
18,6,4,"Race IAT","incongruent","ratings first","male",30,22,FALSE,FALSE
14,1,4,"Flowers-Insects IAT","incongruent","ratings first","female",29,13,FALSE,FALSE
14,2,5,"Flowers-Insects IAT","incongruent","ratings first","female",29,13,FALSE,FALSE
14,3,5,"Flowers-Insects IAT","incongruent","ratings first","female",29,13,FALSE,FALSE
14,4,6,"Flowers-Insects IAT","incongruent","ratings first","female",29,13,FALSE,FALSE
14,5,4,"Flowers-Insects IAT","incongruent","ratings first","female",29,13,FALSE,FALSE
14,6,3,"Flowers-Insects IAT","incongruent","ratings first","female",29,13,FALSE,FALSE
12,1,4,"Race IAT","incongruent","SCIAT first","male",24,27,FALSE,FALSE
12,2,4,"Race IAT","incongruent","SCIAT first","male",24,27,FALSE,FALSE
12,3,5,"Race IAT","incongruent","SCIAT first","male",24,27,FALSE,FALSE
12,4,5,"Race IAT","incongruent","SCIAT first","male",24,27,FALSE,FALSE
12,5,4,"Race IAT","incongruent","SCIAT first","male",24,27,FALSE,FALSE
12,6,4,"Race IAT","incongruent","SCIAT first","male",24,27,FALSE,FALSE
10,1,4,"Race IAT","incongruent","ratings first","male",18,24,FALSE,FALSE
10,2,4,"Race IAT","incongruent","ratings first","male",18,24,FALSE,FALSE
10,3,4,"Race IAT","incongruent","ratings first","male",18,24,FALSE,FALSE
10,4,4,"Race IAT","incongruent","ratings first","male",18,24,FALSE,FALSE
10,5,4,"Race IAT","incongruent","ratings first","male",18,24,FALSE,FALSE
10,6,4,"Race IAT","incongruent","ratings first","male",18,24,FALSE,FALSE
8,1,4,"Flowers-Insects IAT","incongruent","SCIAT first","male",51,20,FALSE,FALSE
8,2,4,"Flowers-Insects IAT","incongruent","SCIAT first","male",51,20,FALSE,FALSE
8,3,4,"Flowers-Insects IAT","incongruent","SCIAT first","male",51,20,FALSE,FALSE
8,4,5,"Flowers-Insects IAT","incongruent","SCIAT first","male",51,20,FALSE,FALSE
8,5,6,"Flowers-Insects IAT","incongruent","SCIAT first","male",51,20,FALSE,FALSE
8,6,5,"Flowers-Insects IAT","incongruent","SCIAT first","male",51,20,FALSE,FALSE
6,1,4,"Flowers-Insects IAT","incongruent","ratings first","male",39,12,FALSE,FALSE
6,2,4,"Flowers-Insects IAT","incongruent","ratings first","male",39,12,FALSE,FALSE
6,3,4,"Flowers-Insects IAT","incongruent","ratings first","male",39,12,FALSE,FALSE
6,4,4,"Flowers-Insects IAT","incongruent","ratings first","male",39,12,FALSE,FALSE
6,5,5,"Flowers-Insects IAT","incongruent","ratings first","male",39,12,FALSE,FALSE
6,6,3,"Flowers-Insects IAT","incongruent","ratings first","male",39,12,FALSE,FALSE
